filter;Komoditas;Tahun;Bulan;Harga
Ayam;Ayam Ras (Rp/Ekor Hidup);2019;Januari;Rp20.412
Ayam;Ayam Ras (Rp/Ekor Hidup);2019;Februari;Rp18.361
Ayam;Ayam Ras (Rp/Ekor Hidup);2019;Maret;Rp17.518
Ayam;Ayam Ras (Rp/Ekor Hidup);2019;April;Rp20.508
Ayam;Ayam Ras (Rp/Ekor Hidup);2019;Mei;Rp20.667
Ayam;Ayam Ras (Rp/Ekor Hidup);2019;Juni;Rp16.958
Ayam;Ayam Ras (Rp/Ekor Hidup);2019;Juli;Rp19.316
Ayam;Ayam Ras (Rp/Ekor Hidup);2019;Agustus;Rp16.587
Ayam;Ayam Ras (Rp/Ekor Hidup);2019;September;Rp15.732
Ayam;Ayam Ras (Rp/Ekor Hidup);2019;Oktober;Rp20.619
Ayam;Ayam Ras (Rp/Ekor Hidup);2019;November;Rp21.303
Ayam;Ayam Ras (Rp/Ekor Hidup);2019;Desember;Rp19.884
Ayam;Ayam Ras (Rp/Ekor Hidup);2020;Januari;Rp17.625
Ayam;Ayam Ras (Rp/Ekor Hidup);2020;Februari;Rp17.469
Ayam;Ayam Ras (Rp/Ekor Hidup);2020;Maret;Rp16.879
Ayam;Ayam Ras (Rp/Ekor Hidup);2020;April;Rp16.502
Ayam;Ayam Ras (Rp/Ekor Hidup);2020;Mei;Rp18.661
Ayam;Ayam Ras (Rp/Ekor Hidup);2020;Juni;Rp23.997
Ayam;Ayam Ras (Rp/Ekor Hidup);2020;Juli;Rp21.127
Ayam;Ayam Ras (Rp/Ekor Hidup);2020;Agustus;Rp17.829
Ayam;Ayam Ras (Rp/Ekor Hidup);2020;September;Rp18.158
Ayam;Ayam Ras (Rp/Ekor Hidup);2020;Oktober;Rp19.249
Ayam;Ayam Ras (Rp/Ekor Hidup);2020;November;Rp22.031
Ayam;Ayam Ras (Rp/Ekor Hidup);2020;Desember;Rp22.276
Ayam;Ayam Ras (Rp/Ekor Hidup);2021;Januari;Rp25.142
Ayam;Ayam Ras (Rp/Ekor Hidup);2021;Februari;Rp24.251
Ayam;Ayam Ras (Rp/Ekor Hidup);2021;Maret;Rp22.566
Ayam;Ayam Ras (Rp/Ekor Hidup);2021;April;Rp23.226
Ayam;Ayam Ras (Rp/Ekor Hidup);2021;Mei;Rp23.702
Ayam;Ayam Ras (Rp/Ekor Hidup);2021;Juni;Rp22.740
Ayam;Ayam Ras (Rp/Ekor Hidup);2021;Juli;Rp21.065
Ayam;Ayam Ras (Rp/Ekor Hidup);2021;Agustus;Rp20.015
Ayam;Ayam Ras (Rp/Ekor Hidup);2021;September;Rp20.822
Ayam;Ayam Ras (Rp/Ekor Hidup);2021;Oktober;Rp21.335
Ayam;Ayam Ras (Rp/Ekor Hidup);2021;November;Rp21.359
Ayam;Ayam Ras (Rp/Ekor Hidup);2021;Desember;Rp21.545
Ayam;Ayam Ras (Rp/Ekor Hidup);2022;Januari;Rp23.383
Ayam;Ayam Ras (Rp/Ekor Hidup);2022;Februari;Rp21.444
Ayam;Ayam Ras (Rp/Ekor Hidup);2022;Maret;Rp21.760
Ayam;Ayam Ras (Rp/Ekor Hidup);2022;April;Rp23.317
Ayam;Ayam Ras (Rp/Ekor Hidup);2022;Mei;Rp23.621
Ayam;Ayam Ras (Rp/Ekor Hidup);2022;Juni;Rp23.214
Ayam;Ayam Ras (Rp/Ekor Hidup);2022;Juli;Rp23.486
Ayam;Ayam Ras (Rp/Ekor Hidup);2022;Agustus;Rp22.310
Ayam;Ayam Ras (Rp/Ekor Hidup);2022;September;Rp21.426
Ayam;Ayam Ras (Rp/Ekor Hidup);2022;Oktober;Rp20.590
Ayam;Ayam Ras (Rp/Ekor Hidup);2022;November;Rp21.081
Ayam;Ayam Ras (Rp/Ekor Hidup);2022;Desember;Rp21.736
Ayam;Ayam Ras (Rp/Ekor Hidup);2023;Januari;Rp21.122
Ayam;Ayam Ras (Rp/Ekor Hidup);2023;Februari;Rp20.434
Ayam;Ayam Ras (Rp/Ekor Hidup);2023;Maret;Rp20.655
Ayam;Ayam Ras (Rp/Ekor Hidup);2023;April;Rp21.375
Ayam;Ayam Ras (Rp/Ekor Hidup);2023;Mei;Rp22.537
Ayam;Ayam Ras (Rp/Ekor Hidup);2023;Juni;Rp23.879
Ayam;Ayam Ras (Rp/Ekor Hidup);2023;Juli;Rp23.977
Ayam;Ayam Ras (Rp/Ekor Hidup);2023;Agustus;Rp22.905
Ayam;Ayam Ras (Rp/Ekor Hidup);2023;September;Rp21.917
Ayam;Ayam Ras (Rp/Ekor Hidup);2023;Oktober;Rp21.147
Ayam;Ayam Ras (Rp/Ekor Hidup);2023;November;Rp21.203
Ayam;Ayam Ras (Rp/Ekor Hidup);2023;Desember;Rp21.148
Ayam;Ayam Ras (Rp/Ekor Hidup);2024;Januari;Rp21.401
Ayam;Ayam Ras (Rp/Ekor Hidup);2024;Februari;Rp21.997
Ayam;Ayam Ras (Rp/Ekor Hidup);2024;Maret;Rp23.595
Ayam;Ayam Ras (Rp/Ekor Hidup);2024;April;Rp23.585
Ayam;Ayam Ras (Rp/Ekor Hidup);2024;Mei;Rp23.298
Ayam;Ayam Ras (Rp/Ekor Hidup);2024;Juni;Rp22.466
Ayam;Ayam Ras (Rp/Ekor Hidup);2024;Juli;Rp21.811
Ayam;Ayam Ras (Rp/Ekor Hidup);2024;Agustus;Rp21.048
Ayam;Ayam Ras (Rp/Ekor Hidup);2024;September;Rp20.864
Ayam;Ayam Ras (Rp/Ekor Hidup);2024;Oktober;Rp21.341
Ayam;Ayam Ras (Rp/Ekor Hidup);2024;November;Rp22.038
Ayam;Ayam Ras (Rp/Ekor Hidup);2024;Desember;Rp22.251
Sapi;Sapi Hidup (Rp/kg Berat Hidup);2019;Januari;Rp47.473
Sapi;Sapi Hidup (Rp/kg Berat Hidup);2019;Februari;Rp47.445
Sapi;Sapi Hidup (Rp/kg Berat Hidup);2019;Maret;Rp47.573
Sapi;Sapi Hidup (Rp/kg Berat Hidup);2019;April;Rp47.819
Sapi;Sapi Hidup (Rp/kg Berat Hidup);2019;Mei;Rp48.633
Sapi;Sapi Hidup (Rp/kg Berat Hidup);2019;Juni;Rp48.766
Sapi;Sapi Hidup (Rp/kg Berat Hidup);2019;Juli;Rp48.955
Sapi;Sapi Hidup (Rp/kg Berat Hidup);2019;Agustus;Rp49.584
Sapi;Sapi Hidup (Rp/kg Berat Hidup);2019;September;Rp48.965
Sapi;Sapi Hidup (Rp/kg Berat Hidup);2019;Oktober;Rp48.831
Sapi;Sapi Hidup (Rp/kg Berat Hidup);2019;November;Rp48.934
Sapi;Sapi Hidup (Rp/kg Berat Hidup);2019;Desember;Rp48.976
Sapi;Sapi Hidup (Rp/kg Berat Hidup);2020;Januari;Rp47.487
Sapi;Sapi Hidup (Rp/kg Berat Hidup);2020;Februari;Rp47.422
Sapi;Sapi Hidup (Rp/kg Berat Hidup);2020;Maret;Rp47.575
Sapi;Sapi Hidup (Rp/kg Berat Hidup);2020;April;Rp47.848
Sapi;Sapi Hidup (Rp/kg Berat Hidup);2020;Mei;Rp48.666
Sapi;Sapi Hidup (Rp/kg Berat Hidup);2020;Juni;Rp48.635
Sapi;Sapi Hidup (Rp/kg Berat Hidup);2020;Juli;Rp49.115
Sapi;Sapi Hidup (Rp/kg Berat Hidup);2020;Agustus;Rp48.668
Sapi;Sapi Hidup (Rp/kg Berat Hidup);2020;September;Rp48.415
Sapi;Sapi Hidup (Rp/kg Berat Hidup);2020;Oktober;Rp48.585
Sapi;Sapi Hidup (Rp/kg Berat Hidup);2020;November;Rp48.805
Sapi;Sapi Hidup (Rp/kg Berat Hidup);2020;Desember;Rp49.349
Sapi;Sapi Hidup (Rp/kg Berat Hidup);2021;Januari;Rp50.467
Sapi;Sapi Hidup (Rp/kg Berat Hidup);2021;Februari;Rp50.620
Sapi;Sapi Hidup (Rp/kg Berat Hidup);2021;Maret;Rp51.243
Sapi;Sapi Hidup (Rp/kg Berat Hidup);2021;April;Rp51.331
Sapi;Sapi Hidup (Rp/kg Berat Hidup);2021;Mei;Rp52.006
Sapi;Sapi Hidup (Rp/kg Berat Hidup);2021;Juni;Rp51.155
Sapi;Sapi Hidup (Rp/kg Berat Hidup);2021;Juli;Rp51.752
Sapi;Sapi Hidup (Rp/kg Berat Hidup);2021;Agustus;Rp49.921
Sapi;Sapi Hidup (Rp/kg Berat Hidup);2021;September;Rp49.122
Sapi;Sapi Hidup (Rp/kg Berat Hidup);2021;Oktober;Rp48.723
Sapi;Sapi Hidup (Rp/kg Berat Hidup);2021;November;Rp48.898
Sapi;Sapi Hidup (Rp/kg Berat Hidup);2021;Desember;Rp48.906
Sapi;Sapi Hidup (Rp/kg Berat Hidup);2022;Januari;Rp48.709
Sapi;Sapi Hidup (Rp/kg Berat Hidup);2022;Februari;Rp48.842
Sapi;Sapi Hidup (Rp/kg Berat Hidup);2022;Maret;Rp49.710
Sapi;Sapi Hidup (Rp/kg Berat Hidup);2022;April;Rp51.483
Sapi;Sapi Hidup (Rp/kg Berat Hidup);2022;Mei;Rp52.154
Sapi;Sapi Hidup (Rp/kg Berat Hidup);2022;Juni;Rp51.830
Sapi;Sapi Hidup (Rp/kg Berat Hidup);2022;Juli;Rp51.284
Sapi;Sapi Hidup (Rp/kg Berat Hidup);2022;Agustus;Rp48.634
Sapi;Sapi Hidup (Rp/kg Berat Hidup);2022;September;Rp50.744
Sapi;Sapi Hidup (Rp/kg Berat Hidup);2022;Oktober;Rp50.950
Sapi;Sapi Hidup (Rp/kg Berat Hidup);2022;November;Rp50.905
Sapi;Sapi Hidup (Rp/kg Berat Hidup);2022;Desember;Rp51.503
Sapi;Sapi Hidup (Rp/kg Berat Hidup);2023;Januari;Rp51.979
Sapi;Sapi Hidup (Rp/kg Berat Hidup);2023;Februari;Rp52.108
Sapi;Sapi Hidup (Rp/kg Berat Hidup);2023;Maret;Rp52.351
Sapi;Sapi Hidup (Rp/kg Berat Hidup);2023;April;Rp52.715
Sapi;Sapi Hidup (Rp/kg Berat Hidup);2023;Mei;Rp52.432
Sapi;Sapi Hidup (Rp/kg Berat Hidup);2023;Juni;Rp52.995
Sapi;Sapi Hidup (Rp/kg Berat Hidup);2023;Juli;Rp52.323
Sapi;Sapi Hidup (Rp/kg Berat Hidup);2023;Agustus;Rp52.056
Sapi;Sapi Hidup (Rp/kg Berat Hidup);2023;September;Rp51.505
Sapi;Sapi Hidup (Rp/kg Berat Hidup);2023;Oktober;Rp51.280
Sapi;Sapi Hidup (Rp/kg Berat Hidup);2023;November;Rp51.428
Sapi;Sapi Hidup (Rp/kg Berat Hidup);2023;Desember;Rp51.379
Sapi;Sapi Hidup (Rp/kg Berat Hidup);2024;Januari;Rp51.570
Sapi;Sapi Hidup (Rp/kg Berat Hidup);2024;Februari;Rp51.716
Sapi;Sapi Hidup (Rp/kg Berat Hidup);2024;Maret;Rp52.340
Sapi;Sapi Hidup (Rp/kg Berat Hidup);2024;April;Rp52.684
Sapi;Sapi Hidup (Rp/kg Berat Hidup);2024;Mei;Rp52.418
Sapi;Sapi Hidup (Rp/kg Berat Hidup);2024;Juni;Rp52.824
Sapi;Sapi Hidup (Rp/kg Berat Hidup);2024;Juli;Rp52.290
Sapi;Sapi Hidup (Rp/kg Berat Hidup);2024;Agustus;Rp52.186
Sapi;Sapi Hidup (Rp/kg Berat Hidup);2024;September;Rp52.080
Sapi;Sapi Hidup (Rp/kg Berat Hidup);2024;Oktober;Rp52.002
Sapi;Sapi Hidup (Rp/kg Berat Hidup);2024;November;Rp51.876
Sapi;Sapi Hidup (Rp/kg Berat Hidup);2024;Desember;Rp52.025
Telur;Telur Ayam Ras (Rp/Kg);2019;Januari;Rp21.541
Telur;Telur Ayam Ras (Rp/Kg);2019;Februari;Rp20.063
Telur;Telur Ayam Ras (Rp/Kg);2019;Maret;Rp19.883
Telur;Telur Ayam Ras (Rp/Kg);2019;April;Rp20.664
Telur;Telur Ayam Ras (Rp/Kg);2019;Mei;Rp20.587
Telur;Telur Ayam Ras (Rp/Kg);2019;Juni;Rp20.144
Telur;Telur Ayam Ras (Rp/Kg);2019;Juli;Rp20.750
Telur;Telur Ayam Ras (Rp/Kg);2019;Agustus;Rp20.439
Telur;Telur Ayam Ras (Rp/Kg);2019;September;Rp18.668
Telur;Telur Ayam Ras (Rp/Kg);2019;Oktober;Rp18.123
Telur;Telur Ayam Ras (Rp/Kg);2019;November;Rp20.696
Telur;Telur Ayam Ras (Rp/Kg);2019;Desember;Rp22.308
Telur;Telur Ayam Ras (Rp/Kg);2020;Januari;Rp20.504
Telur;Telur Ayam Ras (Rp/Kg);2020;Februari;Rp21.615
Telur;Telur Ayam Ras (Rp/Kg);2020;Maret;Rp22.120
Telur;Telur Ayam Ras (Rp/Kg);2020;April;Rp20.776
Telur;Telur Ayam Ras (Rp/Kg);2020;Mei;Rp19.454
Telur;Telur Ayam Ras (Rp/Kg);2020;Juni;Rp21.131
Telur;Telur Ayam Ras (Rp/Kg);2020;Juli;Rp21.900
Telur;Telur Ayam Ras (Rp/Kg);2020;Agustus;Rp21.592
Telur;Telur Ayam Ras (Rp/Kg);2020;September;Rp20.126
Telur;Telur Ayam Ras (Rp/Kg);2020;Oktober;Rp19.884
Telur;Telur Ayam Ras (Rp/Kg);2020;November;Rp20.850
Telur;Telur Ayam Ras (Rp/Kg);2020;Desember;Rp22.715
Telur;Telur Ayam Ras (Rp/Kg);2021;Januari;Rp21.550
Telur;Telur Ayam Ras (Rp/Kg);2021;Februari;Rp20.632
Telur;Telur Ayam Ras (Rp/Kg);2021;Maret;Rp20.241
Telur;Telur Ayam Ras (Rp/Kg);2021;April;Rp21.026
Telur;Telur Ayam Ras (Rp/Kg);2021;Mei;Rp20.758
Telur;Telur Ayam Ras (Rp/Kg);2021;Juni;Rp20.799
Telur;Telur Ayam Ras (Rp/Kg);2021;Juli;Rp20.280
Telur;Telur Ayam Ras (Rp/Kg);2021;Agustus;Rp20.232
Telur;Telur Ayam Ras (Rp/Kg);2021;September;Rp18.630
Telur;Telur Ayam Ras (Rp/Kg);2021;Oktober;Rp17.888
Telur;Telur Ayam Ras (Rp/Kg);2021;November;Rp19.304
Telur;Telur Ayam Ras (Rp/Kg);2021;Desember;Rp20.422
Telur;Telur Ayam Ras (Rp/Kg);2022;Januari;Rp21.207
Telur;Telur Ayam Ras (Rp/Kg);2022;Februari;Rp17.960
Telur;Telur Ayam Ras (Rp/Kg);2022;Maret;Rp19.777
Telur;Telur Ayam Ras (Rp/Kg);2022;April;Rp21.176
Telur;Telur Ayam Ras (Rp/Kg);2022;Mei;Rp22.605
Telur;Telur Ayam Ras (Rp/Kg);2022;Juni;Rp23.692
Telur;Telur Ayam Ras (Rp/Kg);2022;Juli;Rp23.955
Telur;Telur Ayam Ras (Rp/Kg);2022;Agustus;Rp24.747
Telur;Telur Ayam Ras (Rp/Kg);2022;September;Rp23.487
Telur;Telur Ayam Ras (Rp/Kg);2022;Oktober;Rp22.408
Telur;Telur Ayam Ras (Rp/Kg);2022;November;Rp23.611
Telur;Telur Ayam Ras (Rp/Kg);2022;Desember;Rp25.315
Telur;Telur Ayam Ras (Rp/Kg);2023;Januari;Rp24.395
Telur;Telur Ayam Ras (Rp/Kg);2023;Februari;Rp23.945
Telur;Telur Ayam Ras (Rp/Kg);2023;Maret;Rp24.390
Telur;Telur Ayam Ras (Rp/Kg);2023;April;Rp24.444
Telur;Telur Ayam Ras (Rp/Kg);2023;Mei;Rp25.735
Telur;Telur Ayam Ras (Rp/Kg);2023;Juni;Rp26.196
Telur;Telur Ayam Ras (Rp/Kg);2023;Juli;Rp26.662
Telur;Telur Ayam Ras (Rp/Kg);2023;Agustus;Rp26.670
Telur;Telur Ayam Ras (Rp/Kg);2023;September;Rp23.962
Telur;Telur Ayam Ras (Rp/Kg);2023;Oktober;Rp22.889
Telur;Telur Ayam Ras (Rp/Kg);2023;November;Rp23.657
Telur;Telur Ayam Ras (Rp/Kg);2023;Desember;Rp23.808
Telur;Telur Ayam Ras (Rp/Kg);2024;Januari;Rp23.418
Telur;Telur Ayam Ras (Rp/Kg);2024;Februari;Rp24.651
Telur;Telur Ayam Ras (Rp/Kg);2024;Maret;Rp26.687
Telur;Telur Ayam Ras (Rp/Kg);2024;April;Rp25.389
Telur;Telur Ayam Ras (Rp/Kg);2024;Mei;Rp25.821
Telur;Telur Ayam Ras (Rp/Kg);2024;Juni;Rp25.184
Telur;Telur Ayam Ras (Rp/Kg);2024;Juli;Rp24.654
Telur;Telur Ayam Ras (Rp/Kg);2024;Agustus;Rp23.889
Telur;Telur Ayam Ras (Rp/Kg);2024;September;Rp23.593
Telur;Telur Ayam Ras (Rp/Kg);2024;Oktober;Rp23.874
Telur;Telur Ayam Ras (Rp/Kg);2024;November;Rp23.580
Telur;Telur Ayam Ras (Rp/Kg);2024;Desember;Rp25.197

